{"accuracy": 0.9344444444444444, "precision": 0.8987556561085973, "recall": 0.7945, "f1_score": 0.8434182590233545}